row_number,transction_year,transction_month,listing_province_name_en,listing_province_name_th,listing_district_name_th,listing_district_name_en,project_propertytype_name_th,project_propertytype_name_en,total_listing,median_asking_price_sqm
78,2019,7,BANGKOK,กรุงเทพมหานคร,ประเวศ,PRAWET,คอนโด,Condo,13,64971
342,2019,7,BANGKOK,กรุงเทพมหานคร,วัฒนา,VADHANA,คอนโด,Condo,128,173312
277,2020,12,BANGKOK,กรุงเทพมหานคร,จตุจักร,CHATUCHAK,คอนโด,Condo,23,109821
356,2021,1,BANGKOK,กรุงเทพมหานคร,พระโขนง,PHRA KHANONG,คอนโด,Condo,11,106412
598,2021,4,BANGKOK,กรุงเทพมหานคร,ราชเทวี,RATCHATHEWI,คอนโด,Condo,33,177486
559,2019,10,BANGKOK,กรุงเทพมหานคร,ห้วยขวาง,HUAI KHWANG,คอนโด,Condo,11,102931
589,2020,6,BANGKOK,กรุงเทพมหานคร,ห้วยขวาง,HUAI KHWANG,คอนโด,Condo,12,111189
29,2020,8,BANGKOK,กรุงเทพมหานคร,ราชเทวี,RATCHATHEWI,คอนโด,Condo,15,145675
581,2019,2,BANGKOK,กรุงเทพมหานคร,บางรัก,BANG RAK,คอนโด,Condo,45,208162
44,2019,10,BANGKOK,กรุงเทพมหานคร,หลักสี่,LAK SI,คอนโด,Condo,22,75862
452,2019,6,BANGKOK,กรุงเทพมหานคร,ธนบุรี,THON BURI,คอนโด,Condo,37,107657
333,2019,8,NONTHABURI,นนทบุรี,ปากเกร็ด,PAK KRET,คอนโด,Condo,15,88378
336,2019,11,NONTHABURI,นนทบุรี,เมืองนนทบุรี,MUEANG NONTHABURI,คอนโด,Condo,61,61473
397,2020,12,BANGKOK,กรุงเทพมหานคร,ห้วยขวาง,HUAI KHWANG,คอนโด,Condo,11,67734
527,2020,12,BANGKOK,กรุงเทพมหานคร,พระโขนง,PHRA KHANONG,คอนโด,Condo,12,90297
261,2020,12,BANGKOK,กรุงเทพมหานคร,ธนบุรี,THON BURI,คอนโด,Condo,12,84827
153,2020,12,BANGKOK,กรุงเทพมหานคร,ยานนาวา,YAN NAWA,คอนโด,Condo,16,114222
177,2019,8,BANGKOK,กรุงเทพมหานคร,ธนบุรี,THON BURI,คอนโด,Condo,12,88807
93,2020,10,BANGKOK,กรุงเทพมหานคร,ราชเทวี,RATCHATHEWI,คอนโด,Condo,19,143642
145,2019,10,BANGKOK,กรุงเทพมหานคร,สวนหลวง,SUAN LUANG,คอนโด,Condo,35,80497
113,2019,11,SAMUT PRAKAN,สมุทรปราการ,บางพลี,BANG PHLI,คอนโด,Condo,15,65417
444,2021,7,BANGKOK,กรุงเทพมหานคร,ราชเทวี,RATCHATHEWI,คอนโด,Condo,17,175387
187,2019,7,SAMUT PRAKAN,สมุทรปราการ,บางพลี,BANG PHLI,คอนโด,Condo,11,104163
543,2020,12,BANGKOK,กรุงเทพมหานคร,ห้วยขวาง,HUAI KHWANG,คอนโด,Condo,18,105859
102,2019,10,BANGKOK,กรุงเทพมหานคร,บางนา,BANG NA,คอนโด,Condo,21,66499
610,2019,11,PATHUM THANI,ปทุมธานี,ลำลูกกา,LAM LUK KA,บ้าน,Detached House,14,18617
607,2019,11,BANGKOK,กรุงเทพมหานคร,พระโขนง,PHRA KHANONG,คอนโด,Condo,29,112629
92,2020,12,BANGKOK,กรุงเทพมหานคร,ราชเทวี,RATCHATHEWI,คอนโด,Condo,62,174475
127,2021,6,BANGKOK,กรุงเทพมหานคร,คลองเตย,KHLONG TOEI,คอนโด,Condo,33,168120
194,2019,10,BANGKOK,กรุงเทพมหานคร,ราชเทวี,RATCHATHEWI,คอนโด,Condo,17,160067
499,2020,12,BANGKOK,กรุงเทพมหานคร,ราชเทวี,RATCHATHEWI,คอนโด,Condo,12,148042
410,2021,7,BANGKOK,กรุงเทพมหานคร,วัฒนา,VADHANA,คอนโด,Condo,69,172345
117,2020,3,BANGKOK,กรุงเทพมหานคร,คลองเตย,KHLONG TOEI,คอนโด,Condo,12,149550
79,2019,5,BANGKOK,กรุงเทพมหานคร,บางนา,BANG NA,คอนโด,Condo,37,130486
275,2019,5,BANGKOK,กรุงเทพมหานคร,บางกะปิ,BANG KAPI,คอนโด,Condo,16,110118
307,2019,4,BANGKOK,กรุงเทพมหานคร,ห้วยขวาง,HUAI KHWANG,คอนโด,Condo,59,128956
561,2019,11,BANGKOK,กรุงเทพมหานคร,ห้วยขวาง,HUAI KHWANG,คอนโด,Condo,121,199798
264,2019,6,BANGKOK,กรุงเทพมหานคร,ดินแดง,DIN DAENG,คอนโด,Condo,75,127458
317,2019,8,BANGKOK,กรุงเทพมหานคร,คลองเตย,KHLONG TOEI,คอนโด,Condo,88,167817
121,2019,8,BANGKOK,กรุงเทพมหานคร,สวนหลวง,SUAN LUANG,คอนโด,Condo,40,120111
348,2019,4,BANGKOK,กรุงเทพมหานคร,ดินแดง,DIN DAENG,คอนโด,Condo,26,74409
81,2019,10,BANGKOK,กรุงเทพมหานคร,คลองเตย,KHLONG TOEI,คอนโด,Condo,25,169471
325,2019,1,BANGKOK,กรุงเทพมหานคร,จตุจักร,CHATUCHAK,คอนโด,Condo,25,124323
294,2020,8,BANGKOK,กรุงเทพมหานคร,จตุจักร,CHATUCHAK,คอนโด,Condo,12,108120
173,2020,11,BANGKOK,กรุงเทพมหานคร,ห้วยขวาง,HUAI KHWANG,คอนโด,Condo,15,94452
60,2019,11,NONTHABURI,นนทบุรี,ปากเกร็ด,PAK KRET,คอนโด,Condo,20,66425
136,2020,8,BANGKOK,กรุงเทพมหานคร,บางแค,BANG KHAE,คอนโด,Condo,15,83565
98,2019,9,BANGKOK,กรุงเทพมหานคร,บางนา,BANG NA,คอนโด,Condo,54,68874
52,2020,12,BANGKOK,กรุงเทพมหานคร,บางรัก,BANG RAK,คอนโด,Condo,49,181236
363,2021,4,BANGKOK,กรุงเทพมหานคร,ราชเทวี,RATCHATHEWI,คอนโด,Condo,46,175179
378,2019,10,BANGKOK,กรุงเทพมหานคร,วัฒนา,VADHANA,คอนโด,Condo,59,153826
91,2020,8,BANGKOK,กรุงเทพมหานคร,ราษฎร์บูรณะ,RAT BURANA,คอนโด,Condo,13,62956
352,2020,12,BANGKOK,กรุงเทพมหานคร,คลองเตย,KHLONG TOEI,คอนโด,Condo,22,148929
396,2020,12,BANGKOK,กรุงเทพมหานคร,สาทร,SATHON,คอนโด,Condo,17,150888
111,2021,6,BANGKOK,กรุงเทพมหานคร,บางรัก,BANG RAK,คอนโด,Condo,17,273031
488,2019,6,BANGKOK,กรุงเทพมหานคร,จตุจักร,CHATUCHAK,คอนโด,Condo,151,118190
326,2019,7,BANGKOK,กรุงเทพมหานคร,พระโขนง,PHRA KHANONG,คอนโด,Condo,68,126074
165,2019,9,BANGKOK,กรุงเทพมหานคร,จตุจักร,CHATUCHAK,คอนโด,Condo,21,124805
355,2019,7,BANGKOK,กรุงเทพมหานคร,บางนา,BANG NA,คอนโด,Condo,30,133215
310,2021,9,BANGKOK,กรุงเทพมหานคร,วัฒนา,VADHANA,คอนโด,Condo,21,194159
123,2021,4,BANGKOK,กรุงเทพมหานคร,วัฒนา,VADHANA,คอนโด,Condo,20,133530
289,2020,12,BANGKOK,กรุงเทพมหานคร,บางซื่อ,BANG SUE,คอนโด,Condo,11,96416
354,2019,7,BANGKOK,กรุงเทพมหานคร,บางกะปิ,BANG KAPI,คอนโด,Condo,28,104754
154,2021,3,BANGKOK,กรุงเทพมหานคร,วัฒนา,VADHANA,คอนโด,Condo,15,145954
207,2019,10,BANGKOK,กรุงเทพมหานคร,ราษฎร์บูรณะ,RAT BURANA,คอนโด,Condo,17,95506
12,2020,8,BANGKOK,กรุงเทพมหานคร,บึงกุ่ม,BUENG KUM,คอนโด,Condo,24,60108
226,2019,10,BANGKOK,กรุงเทพมหานคร,บางซื่อ,BANG SUE,คอนโด,Condo,12,89951
434,2019,11,BANGKOK,กรุงเทพมหานคร,ราษฎร์บูรณะ,RAT BURANA,คอนโด,Condo,15,69340
203,2019,4,BANGKOK,กรุงเทพมหานคร,พระโขนง,PHRA KHANONG,คอนโด,Condo,52,115064
246,2019,10,BANGKOK,กรุงเทพมหานคร,ภาษีเจริญ,PHASI CHAROEN,คอนโด,Condo,77,88277
7,2019,11,NONTHABURI,นนทบุรี,เมืองนนทบุรี,MUEANG NONTHABURI,คอนโด,Condo,19,64408
231,2019,2,BANGKOK,กรุงเทพมหานคร,คลองสาน,KHLONG SAN,คอนโด,Condo,16,114472
583,2021,4,BANGKOK,กรุงเทพมหานคร,จตุจักร,CHATUCHAK,คอนโด,Condo,11,102549
467,2019,8,BANGKOK,กรุงเทพมหานคร,ปทุมวัน,PATHUM WAN,คอนโด,Condo,16,123645
238,2021,1,BANGKOK,กรุงเทพมหานคร,วัฒนา,VADHANA,คอนโด,Condo,20,181098
361,2020,12,BANGKOK,กรุงเทพมหานคร,ราชเทวี,RATCHATHEWI,คอนโด,Condo,13,166862
208,2019,2,BANGKOK,กรุงเทพมหานคร,ยานนาวา,YAN NAWA,คอนโด,Condo,16,74297
235,2021,1,BANGKOK,กรุงเทพมหานคร,คลองเตย,KHLONG TOEI,คอนโด,Condo,13,161847
443,2019,11,NONTHABURI,นนทบุรี,เมืองนนทบุรี,MUEANG NONTHABURI,คอนโด,Condo,11,81059
237,2020,12,BANGKOK,กรุงเทพมหานคร,คลองเตย,KHLONG TOEI,คอนโด,Condo,67,183490
80,2019,11,BANGKOK,กรุงเทพมหานคร,บางรัก,BANG RAK,คอนโด,Condo,62,218778
241,2020,12,SAMUT PRAKAN,สมุทรปราการ,เมืองสมุทรปราการ,MUEANG SAMUT PRAKAN,คอนโด,Condo,12,79058
86,2019,4,SAMUT PRAKAN,สมุทรปราการ,เมืองสมุทรปราการ,MUEANG SAMUT PRAKAN,คอนโด,Condo,33,96475
509,2020,12,BANGKOK,กรุงเทพมหานคร,บางคอแหลม,BANG KHO LAEM,คอนโด,Condo,16,135262
248,2019,11,BANGKOK,กรุงเทพมหานคร,บางซื่อ,BANG SUE,คอนโด,Condo,11,113380
327,2021,5,BANGKOK,กรุงเทพมหานคร,วัฒนา,VADHANA,คอนโด,Condo,63,165482
533,2021,4,BANGKOK,กรุงเทพมหานคร,วัฒนา,VADHANA,คอนโด,Condo,22,200245
425,2021,5,BANGKOK,กรุงเทพมหานคร,ราชเทวี,RATCHATHEWI,คอนโด,Condo,21,141790
406,2019,9,BANGKOK,กรุงเทพมหานคร,บางกะปิ,BANG KAPI,คอนโด,Condo,15,79522
292,2020,10,BANGKOK,กรุงเทพมหานคร,คลองเตย,KHLONG TOEI,คอนโด,Condo,11,196319
268,2020,8,BANGKOK,กรุงเทพมหานคร,บางกะปิ,BANG KAPI,คอนโด,Condo,95,76524
582,2019,3,BANGKOK,กรุงเทพมหานคร,วัฒนา,VADHANA,คอนโด,Condo,90,131818
99,2020,12,BANGKOK,กรุงเทพมหานคร,พระโขนง,PHRA KHANONG,คอนโด,Condo,12,94705
328,2019,10,BANGKOK,กรุงเทพมหานคร,คลองสาน,KHLONG SAN,คอนโด,Condo,16,62974
217,2019,3,SAMUT PRAKAN,สมุทรปราการ,เมืองสมุทรปราการ,MUEANG SAMUT PRAKAN,คอนโด,Condo,81,126850
472,2019,9,BANGKOK,กรุงเทพมหานคร,สาทร,SATHON,คอนโด,Condo,13,112571
284,2021,6,BANGKOK,กรุงเทพมหานคร,ราชเทวี,RATCHATHEWI,คอนโด,Condo,13,157645
392,2020,12,NONTHABURI,นนทบุรี,เมืองนนทบุรี,MUEANG NONTHABURI,คอนโด,Condo,11,54670
49,2019,11,BANGKOK,กรุงเทพมหานคร,ลาดพร้าว,LAT PHRAO,คอนโด,Condo,17,57086
366,2019,1,BANGKOK,กรุงเทพมหานคร,ราชเทวี,RATCHATHEWI,คอนโด,Condo,40,154093
376,2019,5,BANGKOK,กรุงเทพมหานคร,ยานนาวา,YAN NAWA,คอนโด,Condo,23,88888
67,2019,10,BANGKOK,กรุงเทพมหานคร,ปทุมวัน,PATHUM WAN,คอนโด,Condo,11,97048
329,2021,5,BANGKOK,กรุงเทพมหานคร,บางนา,BANG NA,คอนโด,Condo,14,80029
30,2019,9,BANGKOK,กรุงเทพมหานคร,พญาไท,PHAYA THAI,คอนโด,Condo,40,164808
388,2021,3,BANGKOK,กรุงเทพมหานคร,วัฒนา,VADHANA,คอนโด,Condo,17,150541
225,2019,2,BANGKOK,กรุงเทพมหานคร,จตุจักร,CHATUCHAK,คอนโด,Condo,21,123245
590,2019,6,BANGKOK,กรุงเทพมหานคร,คลองเตย,KHLONG TOEI,คอนโด,Condo,814,143378
334,2019,11,BANGKOK,กรุงเทพมหานคร,บางนา,BANG NA,คอนโด,Condo,15,60571
105,2021,6,BANGKOK,กรุงเทพมหานคร,คลองสาน,KHLONG SAN,คอนโด,Condo,11,135969
171,2019,11,BANGKOK,กรุงเทพมหานคร,ภาษีเจริญ,PHASI CHAROEN,คอนโด,Condo,202,115719
160,2019,11,BANGKOK,กรุงเทพมหานคร,ปทุมวัน,PATHUM WAN,คอนโด,Condo,49,188078
13,2020,12,SAMUT PRAKAN,สมุทรปราการ,เมืองสมุทรปราการ,MUEANG SAMUT PRAKAN,คอนโด,Condo,17,70129
126,2019,6,BANGKOK,กรุงเทพมหานคร,พระโขนง,PHRA KHANONG,คอนโด,Condo,110,102237
256,2019,4,BANGKOK,กรุงเทพมหานคร,ห้วยขวาง,HUAI KHWANG,คอนโด,Condo,13,139934
71,2019,11,BANGKOK,กรุงเทพมหานคร,บางซื่อ,BANG SUE,คอนโด,Condo,38,90098
190,2020,12,BANGKOK,กรุงเทพมหานคร,ธนบุรี,THON BURI,คอนโด,Condo,26,95770
513,2021,8,BANGKOK,กรุงเทพมหานคร,วัฒนา,VADHANA,คอนโด,Condo,24,179721
255,2020,8,BANGKOK,กรุงเทพมหานคร,บางพลัด,BANG PHLAT,คอนโด,Condo,19,79350
259,2019,10,BANGKOK,กรุงเทพมหานคร,จตุจักร,CHATUCHAK,คอนโด,Condo,25,79329
308,2019,2,BANGKOK,กรุงเทพมหานคร,ดินแดง,DIN DAENG,คอนโด,Condo,14,124982
415,2020,10,BANGKOK,กรุงเทพมหานคร,จตุจักร,CHATUCHAK,คอนโด,Condo,16,115812
281,2020,8,BANGKOK,กรุงเทพมหานคร,บางรัก,BANG RAK,คอนโด,Condo,14,199739
286,2020,12,BANGKOK,กรุงเทพมหานคร,ดินแดง,DIN DAENG,คอนโด,Condo,16,125244
564,2019,11,BANGKOK,กรุงเทพมหานคร,บางนา,BANG NA,คอนโด,Condo,110,71152
358,2019,11,BANGKOK,กรุงเทพมหานคร,บางรัก,BANG RAK,คอนโด,Condo,166,176586
539,2019,4,BANGKOK,กรุงเทพมหานคร,วัฒนา,VADHANA,คอนโด,Condo,42,280385
247,2020,8,BANGKOK,กรุงเทพมหานคร,สาทร,SATHON,คอนโด,Condo,20,123853
587,2020,12,BANGKOK,กรุงเทพมหานคร,วัฒนา,VADHANA,คอนโด,Condo,14,126527
321,2021,6,BANGKOK,กรุงเทพมหานคร,บางรัก,BANG RAK,คอนโด,Condo,20,214299
163,2021,8,BANGKOK,กรุงเทพมหานคร,พระโขนง,PHRA KHANONG,คอนโด,Condo,18,169500
405,2019,11,BANGKOK,กรุงเทพมหานคร,มีนบุรี,MIN BURI,คอนโด,Condo,12,65595
578,2021,4,BANGKOK,กรุงเทพมหานคร,ห้วยขวาง,HUAI KHWANG,คอนโด,Condo,16,131163
312,2021,12,BANGKOK,กรุงเทพมหานคร,พระโขนง,PHRA KHANONG,คอนโด,Condo,20,115150
596,2021,6,BANGKOK,กรุงเทพมหานคร,ห้วยขวาง,HUAI KHWANG,คอนโด,Condo,25,154828
15,2020,12,BANGKOK,กรุงเทพมหานคร,ยานนาวา,YAN NAWA,คอนโด,Condo,18,80877
109,2019,7,BANGKOK,กรุงเทพมหานคร,ห้วยขวาง,HUAI KHWANG,คอนโด,Condo,114,137588
385,2021,6,BANGKOK,กรุงเทพมหานคร,ราชเทวี,RATCHATHEWI,คอนโด,Condo,16,165196
469,2020,12,BANGKOK,กรุงเทพมหานคร,คลองสาน,KHLONG SAN,คอนโด,Condo,18,130304
374,2019,6,BANGKOK,กรุงเทพมหานคร,บางกะปิ,BANG KAPI,คอนโด,Condo,19,114540
519,2021,4,BANGKOK,กรุงเทพมหานคร,บางกอกน้อย,BANGKOK NOI,คอนโด,Condo,12,132470
461,2021,3,BANGKOK,กรุงเทพมหานคร,บางรัก,BANG RAK,คอนโด,Condo,13,265961
140,2019,11,BANGKOK,กรุงเทพมหานคร,ประเวศ,PRAWET,คอนโด,Condo,12,65137
426,2020,12,NONTHABURI,นนทบุรี,ปากเกร็ด,PAK KRET,คอนโด,Condo,14,87184
450,2019,8,BANGKOK,กรุงเทพมหานคร,วัฒนา,VADHANA,คอนโด,Condo,144,159348
273,2019,10,BANGKOK,กรุงเทพมหานคร,วัฒนา,VADHANA,คอนโด,Condo,853,182488
192,2021,6,BANGKOK,กรุงเทพมหานคร,วัฒนา,VADHANA,คอนโด,Condo,16,193937
5,2019,4,BANGKOK,กรุงเทพมหานคร,คลองสาน,KHLONG SAN,คอนโด,Condo,20,119435
265,2020,12,BANGKOK,กรุงเทพมหานคร,บางนา,BANG NA,คอนโด,Condo,11,93771
573,2020,8,BANGKOK,กรุงเทพมหานคร,สวนหลวง,SUAN LUANG,คอนโด,Condo,85,62636
90,2019,7,BANGKOK,กรุงเทพมหานคร,คลองเตย,KHLONG TOEI,คอนโด,Condo,162,169665
505,2021,1,BANGKOK,กรุงเทพมหานคร,วัฒนา,VADHANA,คอนโด,Condo,13,136357
181,2020,12,BANGKOK,กรุงเทพมหานคร,บางซื่อ,BANG SUE,คอนโด,Condo,21,86114
193,2020,12,BANGKOK,กรุงเทพมหานคร,ธนบุรี,THON BURI,คอนโด,Condo,56,91915
437,2019,6,BANGKOK,กรุงเทพมหานคร,ห้วยขวาง,HUAI KHWANG,คอนโด,Condo,303,126418
458,2019,11,BANGKOK,กรุงเทพมหานคร,คลองเตย,KHLONG TOEI,คอนโด,Condo,79,161632
147,2019,10,BANGKOK,กรุงเทพมหานคร,จอมทอง,CHOM THONG,คอนโด,Condo,38,101346
520,2019,7,BANGKOK,กรุงเทพมหานคร,พญาไท,PHAYA THAI,คอนโด,Condo,15,141799
202,2019,11,BANGKOK,กรุงเทพมหานคร,พญาไท,PHAYA THAI,คอนโด,Condo,33,153591
447,2019,6,BANGKOK,กรุงเทพมหานคร,ราชเทวี,RATCHATHEWI,คอนโด,Condo,362,154552
575,2020,8,BANGKOK,กรุงเทพมหานคร,ภาษีเจริญ,PHASI CHAROEN,คอนโด,Condo,25,68672
584,2019,11,BANGKOK,กรุงเทพมหานคร,บางแค,BANG KHAE,คอนโด,Condo,23,72976
565,2020,12,BANGKOK,กรุงเทพมหานคร,จตุจักร,CHATUCHAK,คอนโด,Condo,17,96321
149,2019,10,BANGKOK,กรุงเทพมหานคร,บางเขน,BANG KHEN,คอนโด,Condo,16,102903
517,2020,12,BANGKOK,กรุงเทพมหานคร,ยานนาวา,YAN NAWA,คอนโด,Condo,21,90533
186,2019,9,BANGKOK,กรุงเทพมหานคร,คลองสาน,KHLONG SAN,คอนโด,Condo,19,79860
214,2019,11,BANGKOK,กรุงเทพมหานคร,ห้วยขวาง,HUAI KHWANG,คอนโด,Condo,13,97284
528,2021,10,BANGKOK,กรุงเทพมหานคร,จตุจักร,CHATUCHAK,คอนโด,Condo,12,176916
550,2019,10,BANGKOK,กรุงเทพมหานคร,บางรัก,BANG RAK,คอนโด,Condo,437,232188
518,2019,7,BANGKOK,กรุงเทพมหานคร,ดินแดง,DIN DAENG,คอนโด,Condo,36,148575
228,2019,4,BANGKOK,กรุงเทพมหานคร,คลองเตย,KHLONG TOEI,คอนโด,Condo,88,144032
373,2019,11,BANGKOK,กรุงเทพมหานคร,สวนหลวง,SUAN LUANG,คอนโด,Condo,26,73451
35,2021,4,BANGKOK,กรุงเทพมหานคร,ห้วยขวาง,HUAI KHWANG,คอนโด,Condo,19,115344
37,2020,8,BANGKOK,กรุงเทพมหานคร,ลาดพร้าว,LAT PHRAO,คอนโด,Condo,19,50046
95,2019,8,BANGKOK,กรุงเทพมหานคร,จตุจักร,CHATUCHAK,คอนโด,Condo,65,137918
478,2019,11,BANGKOK,กรุงเทพมหานคร,พระโขนง,PHRA KHANONG,คอนโด,Condo,34,109083
364,2019,6,SAMUT PRAKAN,สมุทรปราการ,บางพลี,BANG PHLI,คอนโด,Condo,14,118716
34,2020,12,BANGKOK,กรุงเทพมหานคร,ปทุมวัน,PATHUM WAN,คอนโด,Condo,35,174275
551,2020,12,BANGKOK,กรุงเทพมหานคร,คลองเตย,KHLONG TOEI,คอนโด,Condo,114,181113
479,2019,3,BANGKOK,กรุงเทพมหานคร,บางรัก,BANG RAK,คอนโด,Condo,44,232612
428,2019,9,BANGKOK,กรุงเทพมหานคร,วัฒนา,VADHANA,คอนโด,Condo,176,152469
420,2019,11,BANGKOK,กรุงเทพมหานคร,สวนหลวง,SUAN LUANG,คอนโด,Condo,26,65184
498,2019,6,BANGKOK,กรุงเทพมหานคร,วัฒนา,VADHANA,คอนโด,Condo,1155,144468
141,2019,11,BANGKOK,กรุงเทพมหานคร,ดินแดง,DIN DAENG,คอนโด,Condo,81,108621
339,2019,11,BANGKOK,กรุงเทพมหานคร,ปทุมวัน,PATHUM WAN,คอนโด,Condo,18,183147
267,2019,11,BANGKOK,กรุงเทพมหานคร,คลองเตย,KHLONG TOEI,คอนโด,Condo,235,175057
357,2020,8,NONTHABURI,นนทบุรี,ปากเกร็ด,PAK KRET,คอนโด,Condo,67,62349
579,2019,11,BANGKOK,กรุงเทพมหานคร,จตุจักร,CHATUCHAK,คอนโด,Condo,40,128999
487,2020,12,BANGKOK,กรุงเทพมหานคร,บางกะปิ,BANG KAPI,คอนโด,Condo,15,71995
139,2020,10,BANGKOK,กรุงเทพมหานคร,บางซื่อ,BANG SUE,คอนโด,Condo,16,97625
382,2020,10,BANGKOK,กรุงเทพมหานคร,ห้วยขวาง,HUAI KHWANG,คอนโด,Condo,13,126439
459,2021,5,BANGKOK,กรุงเทพมหานคร,ราชเทวี,RATCHATHEWI,คอนโด,Condo,15,224039
345,2020,1,BANGKOK,กรุงเทพมหานคร,คลองเตย,KHLONG TOEI,คอนโด,Condo,15,154125
440,2019,7,BANGKOK,กรุงเทพมหานคร,ธนบุรี,THON BURI,คอนโด,Condo,11,106753
174,2019,11,BANGKOK,กรุงเทพมหานคร,พญาไท,PHAYA THAI,คอนโด,Condo,77,134565
368,2020,3,BANGKOK,กรุงเทพมหานคร,ภาษีเจริญ,PHASI CHAROEN,คอนโด,Condo,15,97403
477,2019,3,BANGKOK,กรุงเทพมหานคร,คลองสาน,KHLONG SAN,คอนโด,Condo,13,119018
47,2019,11,BANGKOK,กรุงเทพมหานคร,สาทร,SATHON,คอนโด,Condo,43,159510
365,2019,5,BANGKOK,กรุงเทพมหานคร,จตุจักร,CHATUCHAK,คอนโด,Condo,31,136890
380,2020,12,BANGKOK,กรุงเทพมหานคร,วัฒนา,VADHANA,คอนโด,Condo,32,137064
322,2019,2,BANGKOK,กรุงเทพมหานคร,วัฒนา,VADHANA,คอนโด,Condo,59,154868
215,2019,11,BANGKOK,กรุงเทพมหานคร,คลองสาน,KHLONG SAN,คอนโด,Condo,42,159714
132,2021,6,BANGKOK,กรุงเทพมหานคร,คลองเตย,KHLONG TOEI,คอนโด,Condo,11,160667
395,2019,10,BANGKOK,กรุงเทพมหานคร,สาทร,SATHON,คอนโด,Condo,13,101037
209,2019,10,BANGKOK,กรุงเทพมหานคร,พญาไท,PHAYA THAI,คอนโด,Condo,13,79366
490,2019,10,BANGKOK,กรุงเทพมหานคร,คลองสาน,KHLONG SAN,คอนโด,Condo,184,143634
460,2019,11,BANGKOK,กรุงเทพมหานคร,สาทร,SATHON,คอนโด,Condo,119,137393
178,2019,10,BANGKOK,กรุงเทพมหานคร,ห้วยขวาง,HUAI KHWANG,คอนโด,Condo,11,111123
574,2020,8,BANGKOK,กรุงเทพมหานคร,วัฒนา,VADHANA,คอนโด,Condo,48,137959
3,2021,5,BANGKOK,กรุงเทพมหานคร,พระโขนง,PHRA KHANONG,คอนโด,Condo,20,151268
448,2020,12,BANGKOK,กรุงเทพมหานคร,คลองสาน,KHLONG SAN,คอนโด,Condo,17,99939
205,2019,11,BANGKOK,กรุงเทพมหานคร,บึงกุ่ม,BUENG KUM,คอนโด,Condo,17,56242
547,2021,1,BANGKOK,กรุงเทพมหานคร,วัฒนา,VADHANA,คอนโด,Condo,15,134447
257,2019,8,BANGKOK,กรุงเทพมหานคร,บางกะปิ,BANG KAPI,คอนโด,Condo,15,124606
404,2019,10,BANGKOK,กรุงเทพมหานคร,สาทร,SATHON,คอนโด,Condo,14,134003
14,2019,10,BANGKOK,กรุงเทพมหานคร,บางรัก,BANG RAK,คอนโด,Condo,26,104651
516,2019,11,BANGKOK,กรุงเทพมหานคร,พญาไท,PHAYA THAI,คอนโด,Condo,14,144389
375,2019,7,BANGKOK,กรุงเทพมหานคร,สวนหลวง,SUAN LUANG,คอนโด,Condo,49,92127
324,2020,10,BANGKOK,กรุงเทพมหานคร,วัฒนา,VADHANA,คอนโด,Condo,17,134492
41,2021,6,BANGKOK,กรุงเทพมหานคร,ห้วยขวาง,HUAI KHWANG,คอนโด,Condo,13,164598
150,2019,11,BANGKOK,กรุงเทพมหานคร,ปทุมวัน,PATHUM WAN,คอนโด,Condo,129,207846
230,2020,12,BANGKOK,กรุงเทพมหานคร,บางคอแหลม,BANG KHO LAEM,คอนโด,Condo,11,123863
462,2020,1,BANGKOK,กรุงเทพมหานคร,จตุจักร,CHATUCHAK,คอนโด,Condo,12,98534
494,2021,4,BANGKOK,กรุงเทพมหานคร,คลองเตย,KHLONG TOEI,คอนโด,Condo,22,173651
411,2019,11,BANGKOK,กรุงเทพมหานคร,จตุจักร,CHATUCHAK,คอนโด,Condo,14,100677
521,2019,10,BANGKOK,กรุงเทพมหานคร,ประเวศ,PRAWET,คอนโด,Condo,11,76403
232,2021,6,BANGKOK,กรุงเทพมหานคร,วัฒนา,VADHANA,คอนโด,Condo,63,137405
114,2021,4,BANGKOK,กรุงเทพมหานคร,จตุจักร,CHATUCHAK,คอนโด,Condo,16,111215
262,2020,12,BANGKOK,กรุงเทพมหานคร,วัฒนา,VADHANA,คอนโด,Condo,16,150327
188,2019,9,BANGKOK,กรุงเทพมหานคร,สวนหลวง,SUAN LUANG,คอนโด,Condo,28,52667
243,2021,4,BANGKOK,กรุงเทพมหานคร,คลองเตย,KHLONG TOEI,คอนโด,Condo,37,166131
433,2020,2,BANGKOK,กรุงเทพมหานคร,ห้วยขวาง,HUAI KHWANG,คอนโด,Condo,21,105056
560,2019,11,SAMUT PRAKAN,สมุทรปราการ,เมืองสมุทรปราการ,MUEANG SAMUT PRAKAN,คอนโด,Condo,57,69737
9,2021,6,BANGKOK,กรุงเทพมหานคร,พญาไท,PHAYA THAI,คอนโด,Condo,12,161805
33,2019,8,BANGKOK,กรุงเทพมหานคร,สาทร,SATHON,คอนโด,Condo,21,112832
101,2019,11,BANGKOK,กรุงเทพมหานคร,จตุจักร,CHATUCHAK,คอนโด,Condo,315,139834
608,2019,11,BANGKOK,กรุงเทพมหานคร,บึงกุ่ม,BUENG KUM,ทาวน์โฮม,Townhome,16,59346
119,2019,11,BANGKOK,กรุงเทพมหานคร,ดินแดง,DIN DAENG,คอนโด,Condo,44,131590
56,2019,11,BANGKOK,กรุงเทพมหานคร,พญาไท,PHAYA THAI,คอนโด,Condo,13,155969
471,2021,1,BANGKOK,กรุงเทพมหานคร,จตุจักร,CHATUCHAK,คอนโด,Condo,12,152196
530,2019,11,BANGKOK,กรุงเทพมหานคร,สาทร,SATHON,คอนโด,Condo,123,158250
278,2019,5,BANGKOK,กรุงเทพมหานคร,คลองสาน,KHLONG SAN,คอนโด,Condo,46,126649
343,2020,12,NONTHABURI,นนทบุรี,เมืองนนทบุรี,MUEANG NONTHABURI,คอนโด,Condo,15,61809
570,2019,3,BANGKOK,กรุงเทพมหานคร,ห้วยขวาง,HUAI KHWANG,คอนโด,Condo,61,103544
391,2019,11,BANGKOK,กรุงเทพมหานคร,ยานนาวา,YAN NAWA,คอนโด,Condo,27,107857
152,2019,11,BANGKOK,กรุงเทพมหานคร,ราชเทวี,RATCHATHEWI,คอนโด,Condo,217,174326
87,2021,7,BANGKOK,กรุงเทพมหานคร,วัฒนา,VADHANA,คอนโด,Condo,46,155314
185,2019,5,BANGKOK,กรุงเทพมหานคร,ดินแดง,DIN DAENG,คอนโด,Condo,23,136890
306,2019,2,BANGKOK,กรุงเทพมหานคร,ห้วยขวาง,HUAI KHWANG,คอนโด,Condo,20,98936
216,2019,2,BANGKOK,กรุงเทพมหานคร,พระโขนง,PHRA KHANONG,คอนโด,Condo,50,119986
595,2020,12,BANGKOK,กรุงเทพมหานคร,ห้วยขวาง,HUAI KHWANG,คอนโด,Condo,43,110148
75,2021,12,BANGKOK,กรุงเทพมหานคร,วัฒนา,VADHANA,คอนโด,Condo,14,115394
245,2019,3,BANGKOK,กรุงเทพมหานคร,บางนา,BANG NA,คอนโด,Condo,17,95069
62,2021,1,BANGKOK,กรุงเทพมหานคร,ราชเทวี,RATCHATHEWI,คอนโด,Condo,12,120757
346,2020,12,BANGKOK,กรุงเทพมหานคร,ยานนาวา,YAN NAWA,คอนโด,Condo,30,87233
28,2021,7,BANGKOK,กรุงเทพมหานคร,ราชเทวี,RATCHATHEWI,คอนโด,Condo,11,144461
68,2020,3,BANGKOK,กรุงเทพมหานคร,บางซื่อ,BANG SUE,คอนโด,Condo,11,79321
167,2019,5,BANGKOK,กรุงเทพมหานคร,สาทร,SATHON,คอนโด,Condo,30,144039
27,2019,5,BANGKOK,กรุงเทพมหานคร,สวนหลวง,SUAN LUANG,คอนโด,Condo,24,118620
210,2020,3,BANGKOK,กรุงเทพมหานคร,คลองเตย,KHLONG TOEI,คอนโด,Condo,12,109583
201,2019,5,BANGKOK,กรุงเทพมหานคร,พระโขนง,PHRA KHANONG,คอนโด,Condo,54,122682
48,2020,12,BANGKOK,กรุงเทพมหานคร,วัฒนา,VADHANA,คอนโด,Condo,56,134398
42,2021,7,BANGKOK,กรุงเทพมหานคร,วัฒนา,VADHANA,คอนโด,Condo,44,140241
611,2019,11,BANGKOK,กรุงเทพมหานคร,คลองสามวา,KHLONG SAM WA,ทาวน์โฮม,Townhome,11,26897
180,2021,3,BANGKOK,กรุงเทพมหานคร,พระโขนง,PHRA KHANONG,คอนโด,Condo,12,114187
270,2019,4,BANGKOK,กรุงเทพมหานคร,จตุจักร,CHATUCHAK,คอนโด,Condo,103,106437
229,2020,12,BANGKOK,กรุงเทพมหานคร,ดินแดง,DIN DAENG,คอนโด,Condo,13,92612
279,2019,4,BANGKOK,กรุงเทพมหานคร,ราชเทวี,RATCHATHEWI,คอนโด,Condo,59,142739
191,2021,6,BANGKOK,กรุงเทพมหานคร,ห้วยขวาง,HUAI KHWANG,คอนโด,Condo,16,144959
429,2021,2,BANGKOK,กรุงเทพมหานคร,วัฒนา,VADHANA,คอนโด,Condo,21,150536
409,2019,10,BANGKOK,กรุงเทพมหานคร,บางกะปิ,BANG KAPI,คอนโด,Condo,211,118802
131,2020,8,BANGKOK,กรุงเทพมหานคร,วังทองหลาง,WANG THONGLANG,คอนโด,Condo,15,63375
566,2019,8,BANGKOK,กรุงเทพมหานคร,บางนา,BANG NA,คอนโด,Condo,33,134686
73,2020,12,BANGKOK,กรุงเทพมหานคร,ห้วยขวาง,HUAI KHWANG,คอนโด,Condo,81,118436
416,2021,5,BANGKOK,กรุงเทพมหานคร,วัฒนา,VADHANA,คอนโด,Condo,12,140890
244,2019,11,BANGKOK,กรุงเทพมหานคร,ห้วยขวาง,HUAI KHWANG,คอนโด,Condo,13,113708
369,2021,4,BANGKOK,กรุงเทพมหานคร,ห้วยขวาง,HUAI KHWANG,คอนโด,Condo,13,106796
283,2019,11,NONTHABURI,นนทบุรี,เมืองนนทบุรี,MUEANG NONTHABURI,คอนโด,Condo,13,75904
169,2019,5,BANGKOK,กรุงเทพมหานคร,วัฒนา,VADHANA,คอนโด,Condo,238,151905
323,2019,1,BANGKOK,กรุงเทพมหานคร,ห้วยขวาง,HUAI KHWANG,คอนโด,Condo,32,119908
553,2020,11,NONTHABURI,นนทบุรี,เมืองนนทบุรี,MUEANG NONTHABURI,คอนโด,Condo,23,61584
23,2020,8,BANGKOK,กรุงเทพมหานคร,วัฒนา,VADHANA,คอนโด,Condo,13,148944
474,2021,12,BANGKOK,กรุงเทพมหานคร,คลองเตย,KHLONG TOEI,คอนโด,Condo,17,162379
507,2020,2,BANGKOK,กรุงเทพมหานคร,ห้วยขวาง,HUAI KHWANG,คอนโด,Condo,11,131302
65,2019,9,BANGKOK,กรุงเทพมหานคร,ห้วยขวาง,HUAI KHWANG,คอนโด,Condo,117,105099
442,2021,8,BANGKOK,กรุงเทพมหานคร,คลองเตย,KHLONG TOEI,คอนโด,Condo,29,228994
288,2019,10,BANGKOK,กรุงเทพมหานคร,คลองเตย,KHLONG TOEI,คอนโด,Condo,80,106325
558,2019,11,BANGKOK,กรุงเทพมหานคร,ปทุมวัน,PATHUM WAN,คอนโด,Condo,82,187324
465,2021,7,BANGKOK,กรุงเทพมหานคร,คลองเตย,KHLONG TOEI,คอนโด,Condo,35,183063
254,2020,12,BANGKOK,กรุงเทพมหานคร,คลองสาน,KHLONG SAN,คอนโด,Condo,35,110142
605,2019,11,BANGKOK,กรุงเทพมหานคร,วัฒนา,VADHANA,คอนโด,Condo,694,174503
296,2019,6,BANGKOK,กรุงเทพมหานคร,บางนา,BANG NA,คอนโด,Condo,96,103403
84,2020,8,SAMUT PRAKAN,สมุทรปราการ,บางพลี,BANG PHLI,คอนโด,Condo,15,61613
483,2019,11,BANGKOK,กรุงเทพมหานคร,จอมทอง,CHOM THONG,คอนโด,Condo,14,66752
525,2019,10,BANGKOK,กรุงเทพมหานคร,บางนา,BANG NA,คอนโด,Condo,210,115408
143,2020,10,BANGKOK,กรุงเทพมหานคร,จตุจักร,CHATUCHAK,คอนโด,Condo,11,78161
24,2021,5,BANGKOK,กรุงเทพมหานคร,วัฒนา,VADHANA,คอนโด,Condo,63,206787
390,2020,12,BANGKOK,กรุงเทพมหานคร,ยานนาวา,YAN NAWA,คอนโด,Condo,14,95144
236,2021,6,BANGKOK,กรุงเทพมหานคร,วัฒนา,VADHANA,คอนโด,Condo,45,126225
164,2021,1,BANGKOK,กรุงเทพมหานคร,ราชเทวี,RATCHATHEWI,คอนโด,Condo,52,139337
567,2019,4,BANGKOK,กรุงเทพมหานคร,บางแค,BANG KHAE,คอนโด,Condo,11,95031
189,2020,12,BANGKOK,กรุงเทพมหานคร,ห้วยขวาง,HUAI KHWANG,คอนโด,Condo,14,124472
313,2019,5,BANGKOK,กรุงเทพมหานคร,พญาไท,PHAYA THAI,คอนโด,Condo,44,128193
221,2021,4,BANGKOK,กรุงเทพมหานคร,คลองสาน,KHLONG SAN,คอนโด,Condo,12,133347
240,2020,12,BANGKOK,กรุงเทพมหานคร,คลองเตย,KHLONG TOEI,คอนโด,Condo,22,155677
367,2019,10,BANGKOK,กรุงเทพมหานคร,บางรัก,BANG RAK,คอนโด,Condo,14,199568
104,2019,8,BANGKOK,กรุงเทพมหานคร,ราชเทวี,RATCHATHEWI,คอนโด,Condo,50,171729
107,2019,9,BANGKOK,กรุงเทพมหานคร,ปทุมวัน,PATHUM WAN,คอนโด,Condo,19,147633
552,2019,11,BANGKOK,กรุงเทพมหานคร,บางนา,BANG NA,คอนโด,Condo,114,116899
148,2021,7,BANGKOK,กรุงเทพมหานคร,บางรัก,BANG RAK,คอนโด,Condo,18,162376
271,2021,6,BANGKOK,กรุงเทพมหานคร,วัฒนา,VADHANA,คอนโด,Condo,93,110755
337,2021,5,BANGKOK,กรุงเทพมหานคร,บางรัก,BANG RAK,คอนโด,Condo,17,266460
53,2020,12,BANGKOK,กรุงเทพมหานคร,จตุจักร,CHATUCHAK,คอนโด,Condo,14,93311
399,2019,2,BANGKOK,กรุงเทพมหานคร,คลองเตย,KHLONG TOEI,คอนโด,Condo,62,145925
383,2019,6,BANGKOK,กรุงเทพมหานคร,บางรัก,BANG RAK,คอนโด,Condo,336,165969
569,2021,6,BANGKOK,กรุงเทพมหานคร,จตุจักร,CHATUCHAK,คอนโด,Condo,16,103071
612,2019,11,BANGKOK,กรุงเทพมหานคร,บางเขน,BANG KHEN,ทาวน์โฮม,Townhome,11,42404
600,2019,1,SAMUT PRAKAN,สมุทรปราการ,เมืองสมุทรปราการ,MUEANG SAMUT PRAKAN,คอนโด,Condo,11,90739
234,2021,7,BANGKOK,กรุงเทพมหานคร,คลองเตย,KHLONG TOEI,คอนโด,Condo,26,203249
182,2019,1,BANGKOK,กรุงเทพมหานคร,พญาไท,PHAYA THAI,คอนโด,Condo,12,99670
580,2021,7,BANGKOK,กรุงเทพมหานคร,พระโขนง,PHRA KHANONG,คอนโด,Condo,14,92045
486,2019,2,BANGKOK,กรุงเทพมหานคร,ห้วยขวาง,HUAI KHWANG,คอนโด,Condo,35,111889
554,2019,3,BANGKOK,กรุงเทพมหานคร,จตุจักร,CHATUCHAK,คอนโด,Condo,20,143222
96,2019,11,BANGKOK,กรุงเทพมหานคร,จอมทอง,CHOM THONG,คอนโด,Condo,23,103333
116,2019,11,BANGKOK,กรุงเทพมหานคร,คลองสาน,KHLONG SAN,คอนโด,Condo,110,130111
353,2020,12,NONTHABURI,นนทบุรี,เมืองนนทบุรี,MUEANG NONTHABURI,คอนโด,Condo,15,66195
309,2019,11,BANGKOK,กรุงเทพมหานคร,ธนบุรี,THON BURI,คอนโด,Condo,36,95931
418,2019,11,BANGKOK,กรุงเทพมหานคร,ราชเทวี,RATCHATHEWI,คอนโด,Condo,90,175422
540,2019,10,BANGKOK,กรุงเทพมหานคร,วัฒนา,VADHANA,คอนโด,Condo,11,150505
59,2019,9,BANGKOK,กรุงเทพมหานคร,ราชเทวี,RATCHATHEWI,คอนโด,Condo,96,133543
407,2020,3,BANGKOK,กรุงเทพมหานคร,บางพลัด,BANG PHLAT,คอนโด,Condo,11,114461
535,2019,2,BANGKOK,กรุงเทพมหานคร,บางกะปิ,BANG KAPI,คอนโด,Condo,14,63616
522,2021,5,BANGKOK,กรุงเทพมหานคร,ห้วยขวาง,HUAI KHWANG,คอนโด,Condo,25,163459
504,2021,6,BANGKOK,กรุงเทพมหานคร,พระโขนง,PHRA KHANONG,คอนโด,Condo,22,121322
249,2021,1,BANGKOK,กรุงเทพมหานคร,ราชเทวี,RATCHATHEWI,คอนโด,Condo,15,128151
269,2019,4,BANGKOK,กรุงเทพมหานคร,บางนา,BANG NA,คอนโด,Condo,54,85179
431,2019,11,BANGKOK,กรุงเทพมหานคร,ดินแดง,DIN DAENG,คอนโด,Condo,19,140531
200,2019,11,BANGKOK,กรุงเทพมหานคร,ดินแดง,DIN DAENG,คอนโด,Condo,29,168492
115,2020,8,BANGKOK,กรุงเทพมหานคร,บางคอแหลม,BANG KHO LAEM,คอนโด,Condo,12,112034
206,2021,5,BANGKOK,กรุงเทพมหานคร,ปทุมวัน,PATHUM WAN,คอนโด,Condo,15,198404
362,2020,11,BANGKOK,กรุงเทพมหานคร,พระโขนง,PHRA KHANONG,คอนโด,Condo,14,92499
377,2021,5,BANGKOK,กรุงเทพมหานคร,ห้วยขวาง,HUAI KHWANG,คอนโด,Condo,13,129151
168,2020,12,BANGKOK,กรุงเทพมหานคร,พระโขนง,PHRA KHANONG,คอนโด,Condo,46,127322
482,2019,10,BANGKOK,กรุงเทพมหานคร,ดินแดง,DIN DAENG,คอนโด,Condo,22,48218
524,2019,3,BANGKOK,กรุงเทพมหานคร,ดินแดง,DIN DAENG,คอนโด,Condo,34,125224
314,2019,1,BANGKOK,กรุงเทพมหานคร,วัฒนา,VADHANA,คอนโด,Condo,67,144955
82,2020,12,BANGKOK,กรุงเทพมหานคร,สาทร,SATHON,คอนโด,Condo,30,122267
493,2019,10,NONTHABURI,นนทบุรี,เมืองนนทบุรี,MUEANG NONTHABURI,คอนโด,Condo,94,84497
293,2019,10,BANGKOK,กรุงเทพมหานคร,ยานนาวา,YAN NAWA,คอนโด,Condo,14,17355
335,2021,4,BANGKOK,กรุงเทพมหานคร,วัฒนา,VADHANA,คอนโด,Condo,14,163187
453,2021,5,BANGKOK,กรุงเทพมหานคร,คลองเตย,KHLONG TOEI,คอนโด,Condo,38,143186
172,2021,4,BANGKOK,กรุงเทพมหานคร,วัฒนา,VADHANA,คอนโด,Condo,89,212398
43,2019,6,BANGKOK,กรุงเทพมหานคร,ปทุมวัน,PATHUM WAN,คอนโด,Condo,243,154581
32,2020,12,BANGKOK,กรุงเทพมหานคร,บางนา,BANG NA,คอนโด,Condo,30,89776
351,2019,6,BANGKOK,กรุงเทพมหานคร,พญาไท,PHAYA THAI,คอนโด,Condo,294,137267
138,2021,6,BANGKOK,กรุงเทพมหานคร,คลองเตย,KHLONG TOEI,คอนโด,Condo,49,188963
457,2019,7,BANGKOK,กรุงเทพมหานคร,จตุจักร,CHATUCHAK,คอนโด,Condo,31,119429
455,2020,12,BANGKOK,กรุงเทพมหานคร,วัฒนา,VADHANA,คอนโด,Condo,18,133862
604,2020,5,BANGKOK,กรุงเทพมหานคร,ห้วยขวาง,HUAI KHWANG,คอนโด,Condo,11,94313
50,2019,11,BANGKOK,กรุงเทพมหานคร,ธนบุรี,THON BURI,คอนโด,Condo,16,87743
568,2020,12,BANGKOK,กรุงเทพมหานคร,บางกะปิ,BANG KAPI,คอนโด,Condo,11,78629
133,2019,11,BANGKOK,กรุงเทพมหานคร,พระโขนง,PHRA KHANONG,คอนโด,Condo,155,115731
613,2019,11,PATHUM THANI,ปทุมธานี,คลองหลวง,KHLONG LUANG,ทาวน์โฮม,Townhome,25,18926
19,2020,12,BANGKOK,กรุงเทพมหานคร,บางกะปิ,BANG KAPI,คอนโด,Condo,14,77430
11,2021,7,BANGKOK,กรุงเทพมหานคร,วัฒนา,VADHANA,คอนโด,Condo,18,257698
64,2019,9,BANGKOK,กรุงเทพมหานคร,คลองเตย,KHLONG TOEI,คอนโด,Condo,109,141585
61,2020,8,BANGKOK,กรุงเทพมหานคร,ประเวศ,PRAWET,คอนโด,Condo,41,62836
17,2019,1,BANGKOK,กรุงเทพมหานคร,บางนา,BANG NA,คอนโด,Condo,16,123524
511,2019,10,BANGKOK,กรุงเทพมหานคร,พระโขนง,PHRA KHANONG,คอนโด,Condo,315,137384
510,2019,10,BANGKOK,กรุงเทพมหานคร,สาทร,SATHON,คอนโด,Condo,245,161310
54,2020,8,BANGKOK,กรุงเทพมหานคร,จอมทอง,CHOM THONG,คอนโด,Condo,36,86592
146,2019,3,BANGKOK,กรุงเทพมหานคร,ราชเทวี,RATCHATHEWI,คอนโด,Condo,124,177809
432,2020,12,BANGKOK,กรุงเทพมหานคร,พระโขนง,PHRA KHANONG,คอนโด,Condo,20,89607
25,2021,3,BANGKOK,กรุงเทพมหานคร,ห้วยขวาง,HUAI KHWANG,คอนโด,Condo,20,123961
315,2019,4,SAMUT PRAKAN,สมุทรปราการ,บางพลี,BANG PHLI,คอนโด,Condo,18,52041
614,2019,11,PATHUM THANI,ปทุมธานี,ธัญบุรี,THANYABURI,ทาวน์โฮม,Townhome,15,18350
242,2020,7,BANGKOK,กรุงเทพมหานคร,วัฒนา,VADHANA,คอนโด,Condo,12,228919
66,2021,4,BANGKOK,กรุงเทพมหานคร,บางรัก,BANG RAK,คอนโด,Condo,16,203144
593,2019,4,BANGKOK,กรุงเทพมหานคร,บางกะปิ,BANG KAPI,คอนโด,Condo,28,85285
398,2019,12,BANGKOK,กรุงเทพมหานคร,คลองเตย,KHLONG TOEI,คอนโด,Condo,11,131497
57,2019,4,BANGKOK,กรุงเทพมหานคร,บางเขน,BANG KHEN,คอนโด,Condo,15,109737
340,2020,8,BANGKOK,กรุงเทพมหานคร,บางกอกใหญ่,BANGKOK YAI,คอนโด,Condo,12,79426
344,2019,10,BANGKOK,กรุงเทพมหานคร,บางซื่อ,BANG SUE,คอนโด,Condo,106,115902
40,2019,8,BANGKOK,กรุงเทพมหานคร,ดินแดง,DIN DAENG,คอนโด,Condo,26,121061
545,2020,8,BANGKOK,กรุงเทพมหานคร,บางนา,BANG NA,คอนโด,Condo,35,91277
179,2020,3,BANGKOK,กรุงเทพมหานคร,วัฒนา,VADHANA,คอนโด,Condo,14,138642
63,2019,11,BANGKOK,กรุงเทพมหานคร,บางรัก,BANG RAK,คอนโด,Condo,25,207325
263,2021,5,BANGKOK,กรุงเทพมหานคร,คลองเตย,KHLONG TOEI,คอนโด,Condo,45,160753
464,2020,11,BANGKOK,กรุงเทพมหานคร,บางซื่อ,BANG SUE,คอนโด,Condo,11,89226
211,2020,12,BANGKOK,กรุงเทพมหานคร,ดินแดง,DIN DAENG,คอนโด,Condo,25,122155
218,2019,11,BANGKOK,กรุงเทพมหานคร,วัฒนา,VADHANA,คอนโด,Condo,80,173501
318,2019,10,BANGKOK,กรุงเทพมหานคร,วัฒนา,VADHANA,คอนโด,Condo,92,103509
161,2019,11,BANGKOK,กรุงเทพมหานคร,สาทร,SATHON,คอนโด,Condo,37,119806
473,2020,8,BANGKOK,กรุงเทพมหานคร,ห้วยขวาง,HUAI KHWANG,คอนโด,Condo,125,109802
497,2020,12,BANGKOK,กรุงเทพมหานคร,ห้วยขวาง,HUAI KHWANG,คอนโด,Condo,21,101319
184,2020,8,BANGKOK,กรุงเทพมหานคร,ราชเทวี,RATCHATHEWI,คอนโด,Condo,36,160214
304,2021,6,BANGKOK,กรุงเทพมหานคร,วัฒนา,VADHANA,คอนโด,Condo,11,144197
103,2020,12,BANGKOK,กรุงเทพมหานคร,จอมทอง,CHOM THONG,คอนโด,Condo,21,83400
2,2019,6,BANGKOK,กรุงเทพมหานคร,สวนหลวง,SUAN LUANG,คอนโด,Condo,23,96686
45,2019,10,BANGKOK,กรุงเทพมหานคร,ราชเทวี,RATCHATHEWI,คอนโด,Condo,49,69652
224,2021,5,BANGKOK,กรุงเทพมหานคร,วัฒนา,VADHANA,คอนโด,Condo,15,154878
529,2021,6,BANGKOK,กรุงเทพมหานคร,คลองเตย,KHLONG TOEI,คอนโด,Condo,27,128055
222,2020,8,BANGKOK,กรุงเทพมหานคร,ธนบุรี,THON BURI,คอนโด,Condo,34,92855
489,2019,11,SAMUT PRAKAN,สมุทรปราการ,เมืองสมุทรปราการ,MUEANG SAMUT PRAKAN,คอนโด,Condo,30,97669
481,2019,11,BANGKOK,กรุงเทพมหานคร,บางเขน,BANG KHEN,คอนโด,Condo,50,79491
162,2021,7,BANGKOK,กรุงเทพมหานคร,วัฒนา,VADHANA,คอนโด,Condo,59,164460
401,2019,11,BANGKOK,กรุงเทพมหานคร,บางนา,BANG NA,คอนโด,Condo,33,103350
125,2020,12,BANGKOK,กรุงเทพมหานคร,สาทร,SATHON,คอนโด,Condo,23,119160
403,2019,11,SAMUT PRAKAN,สมุทรปราการ,เมืองสมุทรปราการ,MUEANG SAMUT PRAKAN,คอนโด,Condo,24,73158
446,2019,4,BANGKOK,กรุงเทพมหานคร,พญาไท,PHAYA THAI,คอนโด,Condo,54,146713
330,2021,7,BANGKOK,กรุงเทพมหานคร,บางรัก,BANG RAK,คอนโด,Condo,27,199252
282,2019,11,BANGKOK,กรุงเทพมหานคร,ราชเทวี,RATCHATHEWI,คอนโด,Condo,121,174749
359,2019,5,BANGKOK,กรุงเทพมหานคร,บางรัก,BANG RAK,คอนโด,Condo,62,171108
597,2021,7,BANGKOK,กรุงเทพมหานคร,พระโขนง,PHRA KHANONG,คอนโด,Condo,32,134295
175,2019,8,SAMUT PRAKAN,สมุทรปราการ,เมืองสมุทรปราการ,MUEANG SAMUT PRAKAN,คอนโด,Condo,12,130120
347,2021,4,BANGKOK,กรุงเทพมหานคร,บางรัก,BANG RAK,คอนโด,Condo,16,196693
542,2019,5,SAMUT PRAKAN,สมุทรปราการ,เมืองสมุทรปราการ,MUEANG SAMUT PRAKAN,คอนโด,Condo,17,85792
495,2019,10,BANGKOK,กรุงเทพมหานคร,พญาไท,PHAYA THAI,คอนโด,Condo,267,187408
402,2020,12,BANGKOK,กรุงเทพมหานคร,บางรัก,BANG RAK,คอนโด,Condo,11,182893
122,2019,11,NONTHABURI,นนทบุรี,บางบัวทอง,BANG BUA THONG,คอนโด,Condo,17,53611
266,2021,7,BANGKOK,กรุงเทพมหานคร,คลองเตย,KHLONG TOEI,คอนโด,Condo,20,182046
69,2019,3,BANGKOK,กรุงเทพมหานคร,ปทุมวัน,PATHUM WAN,คอนโด,Condo,14,147332
413,2021,4,BANGKOK,กรุงเทพมหานคร,ปทุมวัน,PATHUM WAN,คอนโด,Condo,11,167465
219,2021,7,BANGKOK,กรุงเทพมหานคร,บางรัก,BANG RAK,คอนโด,Condo,48,156791
128,2021,1,BANGKOK,กรุงเทพมหานคร,คลองเตย,KHLONG TOEI,คอนโด,Condo,13,137239
198,2020,12,BANGKOK,กรุงเทพมหานคร,บางนา,BANG NA,คอนโด,Condo,12,87430
537,2019,8,BANGKOK,กรุงเทพมหานคร,บางรัก,BANG RAK,คอนโด,Condo,38,179695
302,2021,8,BANGKOK,กรุงเทพมหานคร,ประเวศ,PRAWET,คอนโด,Condo,15,53512
89,2021,1,BANGKOK,กรุงเทพมหานคร,คลองเตย,KHLONG TOEI,คอนโด,Condo,17,140793
419,2019,11,BANGKOK,กรุงเทพมหานคร,บางรัก,BANG RAK,คอนโด,Condo,136,194020
603,2021,7,BANGKOK,กรุงเทพมหานคร,คลองเตย,KHLONG TOEI,คอนโด,Condo,28,188747
4,2019,8,BANGKOK,กรุงเทพมหานคร,พระโขนง,PHRA KHANONG,คอนโด,Condo,11,118297
496,2021,7,BANGKOK,กรุงเทพมหานคร,คลองเตย,KHLONG TOEI,คอนโด,Condo,54,177818
142,2020,8,SAMUT PRAKAN,สมุทรปราการ,เมืองสมุทรปราการ,MUEANG SAMUT PRAKAN,คอนโด,Condo,22,71837
213,2021,4,BANGKOK,กรุงเทพมหานคร,จตุจักร,CHATUCHAK,คอนโด,Condo,18,148633
129,2020,12,BANGKOK,กรุงเทพมหานคร,ราชเทวี,RATCHATHEWI,คอนโด,Condo,40,155049
456,2019,6,BANGKOK,กรุงเทพมหานคร,ยานนาวา,YAN NAWA,คอนโด,Condo,57,99946
548,2019,5,BANGKOK,กรุงเทพมหานคร,ราชเทวี,RATCHATHEWI,คอนโด,Condo,78,150680
316,2019,2,BANGKOK,กรุงเทพมหานคร,ปทุมวัน,PATHUM WAN,คอนโด,Condo,13,215597
212,2021,6,BANGKOK,กรุงเทพมหานคร,วัฒนา,VADHANA,คอนโด,Condo,90,176245
417,2019,10,BANGKOK,กรุงเทพมหานคร,คลองเตย,KHLONG TOEI,คอนโด,Condo,808,175670
393,2019,10,BANGKOK,กรุงเทพมหานคร,ห้วยขวาง,HUAI KHWANG,คอนโด,Condo,57,47672
468,2020,12,BANGKOK,กรุงเทพมหานคร,พญาไท,PHAYA THAI,คอนโด,Condo,15,107706
480,2019,2,BANGKOK,กรุงเทพมหานคร,สวนหลวง,SUAN LUANG,คอนโด,Condo,24,97981
253,2020,11,BANGKOK,กรุงเทพมหานคร,จตุจักร,CHATUCHAK,คอนโด,Condo,11,98368
421,2020,12,BANGKOK,กรุงเทพมหานคร,วัฒนา,VADHANA,คอนโด,Condo,50,133970
74,2020,8,BANGKOK,กรุงเทพมหานคร,พญาไท,PHAYA THAI,คอนโด,Condo,23,127272
412,2021,4,BANGKOK,กรุงเทพมหานคร,พระโขนง,PHRA KHANONG,คอนโด,Condo,30,120878
276,2021,6,BANGKOK,กรุงเทพมหานคร,วัฒนา,VADHANA,คอนโด,Condo,14,194881
250,2020,12,NONTHABURI,นนทบุรี,เมืองนนทบุรี,MUEANG NONTHABURI,คอนโด,Condo,14,62839
466,2019,11,BANGKOK,กรุงเทพมหานคร,บางพลัด,BANG PHLAT,คอนโด,Condo,25,84448
435,2021,5,BANGKOK,กรุงเทพมหานคร,วัฒนา,VADHANA,คอนโด,Condo,53,150148
523,2020,12,BANGKOK,กรุงเทพมหานคร,บางนา,BANG NA,คอนโด,Condo,24,86684
515,2020,7,BANGKOK,กรุงเทพมหานคร,บางรัก,BANG RAK,คอนโด,Condo,22,199442
252,2021,3,BANGKOK,กรุงเทพมหานคร,วัฒนา,VADHANA,คอนโด,Condo,12,75402
120,2021,2,BANGKOK,กรุงเทพมหานคร,วัฒนา,VADHANA,คอนโด,Condo,14,149976
557,2021,4,BANGKOK,กรุงเทพมหานคร,วัฒนา,VADHANA,คอนโด,Condo,23,150042
500,2019,10,BANGKOK,กรุงเทพมหานคร,ธนบุรี,THON BURI,คอนโด,Condo,20,57555
55,2019,5,BANGKOK,กรุงเทพมหานคร,ห้วยขวาง,HUAI KHWANG,คอนโด,Condo,16,97431
501,2021,3,BANGKOK,กรุงเทพมหานคร,ราชเทวี,RATCHATHEWI,คอนโด,Condo,13,215627
414,2019,11,BANGKOK,กรุงเทพมหานคร,พญาไท,PHAYA THAI,คอนโด,Condo,16,144342
606,2019,7,BANGKOK,กรุงเทพมหานคร,ราชเทวี,RATCHATHEWI,คอนโด,Condo,62,149890
531,2020,12,BANGKOK,กรุงเทพมหานคร,จตุจักร,CHATUCHAK,คอนโด,Condo,35,117200
21,2020,8,BANGKOK,กรุงเทพมหานคร,บางเขน,BANG KHEN,คอนโด,Condo,34,63342
386,2020,12,BANGKOK,กรุงเทพมหานคร,สวนหลวง,SUAN LUANG,คอนโด,Condo,18,61205
76,2019,8,BANGKOK,กรุงเทพมหานคร,พระโขนง,PHRA KHANONG,คอนโด,Condo,51,152040
563,2021,6,BANGKOK,กรุงเทพมหานคร,ดินแดง,DIN DAENG,คอนโด,Condo,11,235152
176,2021,5,BANGKOK,กรุงเทพมหานคร,คลองเตย,KHLONG TOEI,คอนโด,Condo,15,203047
555,2020,8,BANGKOK,กรุงเทพมหานคร,ยานนาวา,YAN NAWA,คอนโด,Condo,32,83643
36,2019,8,BANGKOK,กรุงเทพมหานคร,ประเวศ,PRAWET,คอนโด,Condo,11,78318
239,2019,2,BANGKOK,กรุงเทพมหานคร,ราชเทวี,RATCHATHEWI,คอนโด,Condo,50,192472
546,2019,11,BANGKOK,กรุงเทพมหานคร,วังทองหลาง,WANG THONGLANG,คอนโด,Condo,21,52878
272,2019,4,BANGKOK,กรุงเทพมหานคร,ปทุมวัน,PATHUM WAN,คอนโด,Condo,26,133766
538,2021,5,BANGKOK,กรุงเทพมหานคร,คลองเตย,KHLONG TOEI,คอนโด,Condo,43,194812
295,2020,12,BANGKOK,กรุงเทพมหานคร,จอมทอง,CHOM THONG,คอนโด,Condo,21,86391
475,2019,10,BANGKOK,กรุงเทพมหานคร,ธนบุรี,THON BURI,คอนโด,Condo,128,113113
258,2020,12,BANGKOK,กรุงเทพมหานคร,ห้วยขวาง,HUAI KHWANG,คอนโด,Condo,67,124104
556,2019,9,BANGKOK,กรุงเทพมหานคร,บางรัก,BANG RAK,คอนโด,Condo,47,128582
436,2019,10,BANGKOK,กรุงเทพมหานคร,บางพลัด,BANG PHLAT,คอนโด,Condo,60,121191
311,2019,7,BANGKOK,กรุงเทพมหานคร,ยานนาวา,YAN NAWA,คอนโด,Condo,14,124870
97,2019,11,BANGKOK,กรุงเทพมหานคร,จตุจักร,CHATUCHAK,คอนโด,Condo,42,131993
124,2019,5,BANGKOK,กรุงเทพมหานคร,ปทุมวัน,PATHUM WAN,คอนโด,Condo,63,167569
485,2019,11,BANGKOK,กรุงเทพมหานคร,ห้วยขวาง,HUAI KHWANG,คอนโด,Condo,155,139424
233,2019,2,BANGKOK,กรุงเทพมหานคร,สาทร,SATHON,คอนโด,Condo,15,119655
451,2020,12,BANGKOK,กรุงเทพมหานคร,คลองเตย,KHLONG TOEI,คอนโด,Condo,18,142177
6,2019,9,BANGKOK,กรุงเทพมหานคร,ดินแดง,DIN DAENG,คอนโด,Condo,31,72464
220,2021,4,BANGKOK,กรุงเทพมหานคร,จอมทอง,CHOM THONG,คอนโด,Condo,11,86230
291,2019,10,BANGKOK,กรุงเทพมหานคร,ห้วยขวาง,HUAI KHWANG,คอนโด,Condo,15,98566
350,2019,4,BANGKOK,กรุงเทพมหานคร,สวนหลวง,SUAN LUANG,คอนโด,Condo,28,154109
389,2019,11,SAMUT PRAKAN,สมุทรปราการ,เมืองสมุทรปราการ,MUEANG SAMUT PRAKAN,คอนโด,Condo,45,78693
130,2019,11,BANGKOK,กรุงเทพมหานคร,บางกะปิ,BANG KAPI,คอนโด,Condo,38,68407
476,2020,12,BANGKOK,กรุงเทพมหานคร,บางซื่อ,BANG SUE,คอนโด,Condo,17,111105
422,2019,6,BANGKOK,กรุงเทพมหานคร,สาทร,SATHON,คอนโด,Condo,179,129669
360,2020,11,BANGKOK,กรุงเทพมหานคร,จตุจักร,CHATUCHAK,คอนโด,Condo,12,77195
285,2019,3,BANGKOK,กรุงเทพมหานคร,พระโขนง,PHRA KHANONG,คอนโด,Condo,25,156343
197,2020,12,SAMUT PRAKAN,สมุทรปราการ,เมืองสมุทรปราการ,MUEANG SAMUT PRAKAN,คอนโด,Condo,16,75893
260,2019,11,BANGKOK,กรุงเทพมหานคร,คลองเตย,KHLONG TOEI,คอนโด,Condo,408,165279
508,2020,12,BANGKOK,กรุงเทพมหานคร,วัฒนา,VADHANA,คอนโด,Condo,111,168942
183,2019,10,BANGKOK,กรุงเทพมหานคร,บางกอกใหญ่,BANGKOK YAI,คอนโด,Condo,13,117973
338,2020,12,BANGKOK,กรุงเทพมหานคร,สวนหลวง,SUAN LUANG,คอนโด,Condo,12,55631
599,2019,8,BANGKOK,กรุงเทพมหานคร,คลองสาน,KHLONG SAN,คอนโด,Condo,16,117452
387,2019,5,BANGKOK,กรุงเทพมหานคร,บางซื่อ,BANG SUE,คอนโด,Condo,11,95266
196,2020,12,BANGKOK,กรุงเทพมหานคร,จตุจักร,CHATUCHAK,คอนโด,Condo,18,82114
77,2020,8,BANGKOK,กรุงเทพมหานคร,ดินแดง,DIN DAENG,คอนโด,Condo,40,109563
592,2019,3,BANGKOK,กรุงเทพมหานคร,สาทร,SATHON,คอนโด,Condo,11,122594
170,2019,1,BANGKOK,กรุงเทพมหานคร,พระโขนง,PHRA KHANONG,คอนโด,Condo,43,143804
506,2019,1,BANGKOK,กรุงเทพมหานคร,คลองเตย,KHLONG TOEI,คอนโด,Condo,61,138526
155,2020,12,BANGKOK,กรุงเทพมหานคร,คลองเตย,KHLONG TOEI,คอนโด,Condo,57,143311
331,2019,4,BANGKOK,กรุงเทพมหานคร,ประเวศ,PRAWET,คอนโด,Condo,13,61057
449,2019,11,BANGKOK,กรุงเทพมหานคร,วัฒนา,VADHANA,คอนโด,Condo,1211,168379
549,2019,11,BANGKOK,กรุงเทพมหานคร,วัฒนา,VADHANA,คอนโด,Condo,208,150817
379,2019,4,BANGKOK,กรุงเทพมหานคร,สาทร,SATHON,คอนโด,Condo,18,127344
223,2019,11,BANGKOK,กรุงเทพมหานคร,พระโขนง,PHRA KHANONG,คอนโด,Condo,228,113942
371,2020,12,BANGKOK,กรุงเทพมหานคร,วัฒนา,VADHANA,คอนโด,Condo,13,211356
609,2019,11,BANGKOK,กรุงเทพมหานคร,สายไหม,SAI MAI,ทาวน์โฮม,Townhome,17,32588
408,2020,8,BANGKOK,กรุงเทพมหานคร,จตุจักร,CHATUCHAK,คอนโด,Condo,11,107178
10,2020,12,BANGKOK,กรุงเทพมหานคร,คลองเตย,KHLONG TOEI,คอนโด,Condo,25,129514
299,2019,4,BANGKOK,กรุงเทพมหานคร,วัฒนา,VADHANA,คอนโด,Condo,109,130499
159,2019,6,BANGKOK,กรุงเทพมหานคร,คลองสาน,KHLONG SAN,คอนโด,Condo,152,122693
463,2020,2,BANGKOK,กรุงเทพมหานคร,บางซื่อ,BANG SUE,คอนโด,Condo,11,88113
195,2021,1,BANGKOK,กรุงเทพมหานคร,ราชเทวี,RATCHATHEWI,คอนโด,Condo,15,141113
502,2020,12,BANGKOK,กรุงเทพมหานคร,วัฒนา,VADHANA,คอนโด,Condo,20,212861
85,2020,8,NONTHABURI,นนทบุรี,เมืองนนทบุรี,MUEANG NONTHABURI,คอนโด,Condo,160,61251
8,2020,12,BANGKOK,กรุงเทพมหานคร,บางนา,BANG NA,คอนโด,Condo,19,84910
384,2019,11,BANGKOK,กรุงเทพมหานคร,ธนบุรี,THON BURI,คอนโด,Condo,52,110669
135,2021,1,BANGKOK,กรุงเทพมหานคร,วัฒนา,VADHANA,คอนโด,Condo,15,136276
22,2019,7,BANGKOK,กรุงเทพมหานคร,บางรัก,BANG RAK,คอนโด,Condo,21,194203
484,2021,6,BANGKOK,กรุงเทพมหานคร,บางรัก,BANG RAK,คอนโด,Condo,17,238284
108,2019,1,BANGKOK,กรุงเทพมหานคร,สาทร,SATHON,คอนโด,Condo,13,163355
532,2020,12,BANGKOK,กรุงเทพมหานคร,บางรัก,BANG RAK,คอนโด,Condo,13,231913
298,2021,1,BANGKOK,กรุงเทพมหานคร,วัฒนา,VADHANA,คอนโด,Condo,18,133745
199,2019,11,BANGKOK,กรุงเทพมหานคร,ราชเทวี,RATCHATHEWI,คอนโด,Condo,50,157863
100,2019,6,NONTHABURI,นนทบุรี,เมืองนนทบุรี,MUEANG NONTHABURI,คอนโด,Condo,14,141687
470,2019,11,BANGKOK,กรุงเทพมหานคร,ยานนาวา,YAN NAWA,คอนโด,Condo,86,88536
297,2020,12,BANGKOK,กรุงเทพมหานคร,จตุจักร,CHATUCHAK,คอนโด,Condo,30,124910
26,2021,12,BANGKOK,กรุงเทพมหานคร,คลองเตย,KHLONG TOEI,คอนโด,Condo,12,137447
51,2020,12,BANGKOK,กรุงเทพมหานคร,คลองเตย,KHLONG TOEI,คอนโด,Condo,15,195855
526,2021,1,BANGKOK,กรุงเทพมหานคร,วัฒนา,VADHANA,คอนโด,Condo,26,125222
280,2021,6,BANGKOK,กรุงเทพมหานคร,พระโขนง,PHRA KHANONG,คอนโด,Condo,13,91873
514,2019,3,BANGKOK,กรุงเทพมหานคร,สวนหลวง,SUAN LUANG,คอนโด,Condo,25,129542
562,2019,3,BANGKOK,กรุงเทพมหานคร,คลองเตย,KHLONG TOEI,คอนโด,Condo,100,143251
585,2020,8,BANGKOK,กรุงเทพมหานคร,จตุจักร,CHATUCHAK,คอนโด,Condo,93,104414
156,2019,10,BANGKOK,กรุงเทพมหานคร,ราชเทวี,RATCHATHEWI,คอนโด,Condo,753,191761
227,2019,11,BANGKOK,กรุงเทพมหานคร,คลองเตย,KHLONG TOEI,คอนโด,Condo,731,167035
58,2019,3,BANGKOK,กรุงเทพมหานคร,พญาไท,PHAYA THAI,คอนโด,Condo,20,150490
204,2019,11,BANGKOK,กรุงเทพมหานคร,ห้วยขวาง,HUAI KHWANG,คอนโด,Condo,380,125890
112,2019,11,BANGKOK,กรุงเทพมหานคร,สวนหลวง,SUAN LUANG,คอนโด,Condo,14,105998
151,2020,12,BANGKOK,กรุงเทพมหานคร,คลองเตย,KHLONG TOEI,คอนโด,Condo,22,199705
134,2019,11,SAMUT PRAKAN,สมุทรปราการ,เมืองสมุทรปราการ,MUEANG SAMUT PRAKAN,คอนโด,Condo,11,87602
536,2019,10,BANGKOK,กรุงเทพมหานคร,ดินแดง,DIN DAENG,คอนโด,Condo,241,201754
320,2020,10,BANGKOK,กรุงเทพมหานคร,คลองเตย,KHLONG TOEI,คอนโด,Condo,11,132367
503,2021,3,BANGKOK,กรุงเทพมหานคร,บางรัก,BANG RAK,คอนโด,Condo,36,164612
287,2020,8,BANGKOK,กรุงเทพมหานคร,คลองสาน,KHLONG SAN,คอนโด,Condo,18,101646
83,2021,1,BANGKOK,กรุงเทพมหานคร,วัฒนา,VADHANA,คอนโด,Condo,12,138926
602,2019,11,BANGKOK,กรุงเทพมหานคร,สวนหลวง,SUAN LUANG,คอนโด,Condo,17,82262
341,2020,12,BANGKOK,กรุงเทพมหานคร,ห้วยขวาง,HUAI KHWANG,คอนโด,Condo,22,99245
38,2019,5,BANGKOK,กรุงเทพมหานคร,คลองเตย,KHLONG TOEI,คอนโด,Condo,200,159566
541,2019,1,BANGKOK,กรุงเทพมหานคร,บางรัก,BANG RAK,คอนโด,Condo,31,108346
274,2020,1,SAMUT PRAKAN,สมุทรปราการ,เมืองสมุทรปราการ,MUEANG SAMUT PRAKAN,คอนโด,Condo,44,89885
588,2021,1,BANGKOK,กรุงเทพมหานคร,ห้วยขวาง,HUAI KHWANG,คอนโด,Condo,12,110109
370,2019,11,BANGKOK,กรุงเทพมหานคร,คลองสาน,KHLONG SAN,คอนโด,Condo,16,136422
438,2021,1,BANGKOK,กรุงเทพมหานคร,ห้วยขวาง,HUAI KHWANG,คอนโด,Condo,11,96180
492,2019,6,BANGKOK,กรุงเทพมหานคร,บางซื่อ,BANG SUE,คอนโด,Condo,45,109400
31,2020,11,BANGKOK,กรุงเทพมหานคร,จตุจักร,CHATUCHAK,คอนโด,Condo,19,86036
424,2021,1,BANGKOK,กรุงเทพมหานคร,ห้วยขวาง,HUAI KHWANG,คอนโด,Condo,14,119214
576,2021,5,BANGKOK,กรุงเทพมหานคร,ราชเทวี,RATCHATHEWI,คอนโด,Condo,25,175580
491,2019,4,NONTHABURI,นนทบุรี,เมืองนนทบุรี,MUEANG NONTHABURI,คอนโด,Condo,13,220544
400,2021,6,BANGKOK,กรุงเทพมหานคร,คลองเตย,KHLONG TOEI,คอนโด,Condo,31,118549
544,2019,10,BANGKOK,กรุงเทพมหานคร,ปทุมวัน,PATHUM WAN,คอนโด,Condo,172,181669
301,2019,11,BANGKOK,กรุงเทพมหานคร,คลองสาน,KHLONG SAN,คอนโด,Condo,55,150476
137,2019,10,BANGKOK,กรุงเทพมหานคร,ห้วยขวาง,HUAI KHWANG,คอนโด,Condo,573,150560
381,2019,5,NONTHABURI,นนทบุรี,เมืองนนทบุรี,MUEANG NONTHABURI,คอนโด,Condo,15,185616
586,2019,11,BANGKOK,กรุงเทพมหานคร,ยานนาวา,YAN NAWA,คอนโด,Condo,19,93698
372,2020,3,BANGKOK,กรุงเทพมหานคร,ห้วยขวาง,HUAI KHWANG,คอนโด,Condo,11,94591
251,2019,10,BANGKOK,กรุงเทพมหานคร,พระโขนง,PHRA KHANONG,คอนโด,Condo,42,90486
394,2020,8,BANGKOK,กรุงเทพมหานคร,คลองเตย,KHLONG TOEI,คอนโด,Condo,62,122649
1,2019,11,BANGKOK,กรุงเทพมหานคร,บางคอแหลม,BANG KHO LAEM,คอนโด,Condo,21,113820
72,2019,6,SAMUT PRAKAN,สมุทรปราการ,เมืองสมุทรปราการ,MUEANG SAMUT PRAKAN,คอนโด,Condo,56,108438
305,2019,7,BANGKOK,กรุงเทพมหานคร,ปทุมวัน,PATHUM WAN,คอนโด,Condo,19,182154
18,2019,2,BANGKOK,กรุงเทพมหานคร,บางนา,BANG NA,คอนโด,Condo,16,94394
332,2021,1,BANGKOK,กรุงเทพมหานคร,คลองเตย,KHLONG TOEI,คอนโด,Condo,20,121557
445,2019,8,BANGKOK,กรุงเทพมหานคร,ห้วยขวาง,HUAI KHWANG,คอนโด,Condo,87,124508
423,2020,8,BANGKOK,กรุงเทพมหานคร,บางซื่อ,BANG SUE,คอนโด,Condo,92,96791
572,2019,4,NONTHABURI,นนทบุรี,ปากเกร็ด,PAK KRET,คอนโด,Condo,17,104923
16,2021,1,BANGKOK,กรุงเทพมหานคร,จตุจักร,CHATUCHAK,คอนโด,Condo,25,147989
110,2019,9,BANGKOK,กรุงเทพมหานคร,พระโขนง,PHRA KHANONG,คอนโด,Condo,96,135632
430,2019,10,BANGKOK,กรุงเทพมหานคร,ห้วยขวาง,HUAI KHWANG,คอนโด,Condo,13,124294
88,2019,11,BANGKOK,กรุงเทพมหานคร,จตุจักร,CHATUCHAK,คอนโด,Condo,84,157096
70,2019,8,NONTHABURI,นนทบุรี,เมืองนนทบุรี,MUEANG NONTHABURI,คอนโด,Condo,14,106393
512,2019,10,BANGKOK,กรุงเทพมหานคร,บางกะปิ,BANG KAPI,คอนโด,Condo,18,67556
594,2019,11,SAMUT PRAKAN,สมุทรปราการ,เมืองสมุทรปราการ,MUEANG SAMUT PRAKAN,คอนโด,Condo,22,69329
571,2019,10,BANGKOK,กรุงเทพมหานคร,บางกอกน้อย,BANGKOK NOI,คอนโด,Condo,51,138232
106,2019,4,BANGKOK,กรุงเทพมหานคร,บางรัก,BANG RAK,คอนโด,Condo,31,188729
144,2020,8,BANGKOK,กรุงเทพมหานคร,หลักสี่,LAK SI,คอนโด,Condo,13,70096
439,2020,12,BANGKOK,กรุงเทพมหานคร,บางซื่อ,BANG SUE,คอนโด,Condo,16,88821
118,2019,10,BANGKOK,กรุงเทพมหานคร,สวนหลวง,SUAN LUANG,คอนโด,Condo,12,43774
591,2020,8,BANGKOK,กรุงเทพมหานคร,พระโขนง,PHRA KHANONG,คอนโด,Condo,50,95944
20,2021,6,BANGKOK,กรุงเทพมหานคร,สาทร,SATHON,คอนโด,Condo,16,168605
290,2019,11,BANGKOK,กรุงเทพมหานคร,บางเขน,BANG KHEN,คอนโด,Condo,11,50731
454,2021,7,BANGKOK,กรุงเทพมหานคร,วัฒนา,VADHANA,คอนโด,Condo,21,146369
577,2019,10,BANGKOK,กรุงเทพมหานคร,จตุจักร,CHATUCHAK,คอนโด,Condo,394,162529
166,2021,6,BANGKOK,กรุงเทพมหานคร,ปทุมวัน,PATHUM WAN,คอนโด,Condo,14,205943
427,2019,10,BANGKOK,กรุงเทพมหานคร,บางคอแหลม,BANG KHO LAEM,คอนโด,Condo,34,136904
46,2019,10,BANGKOK,กรุงเทพมหานคร,ยานนาวา,YAN NAWA,คอนโด,Condo,59,98152
158,2019,11,BANGKOK,กรุงเทพมหานคร,บางกะปิ,BANG KAPI,คอนโด,Condo,15,94667
39,2020,12,BANGKOK,กรุงเทพมหานคร,จตุจักร,CHATUCHAK,คอนโด,Condo,37,107644
94,2020,12,BANGKOK,กรุงเทพมหานคร,บางรัก,BANG RAK,คอนโด,Condo,19,171715
319,2021,4,BANGKOK,กรุงเทพมหานคร,บางนา,BANG NA,คอนโด,Condo,29,117278
303,2019,11,BANGKOK,กรุงเทพมหานคร,ห้วยขวาง,HUAI KHWANG,คอนโด,Condo,119,130186
441,2021,3,BANGKOK,กรุงเทพมหานคร,คลองเตย,KHLONG TOEI,คอนโด,Condo,13,177281
601,2019,5,BANGKOK,กรุงเทพมหานคร,ห้วยขวาง,HUAI KHWANG,คอนโด,Condo,93,124478
349,2019,5,BANGKOK,กรุงเทพมหานคร,ธนบุรี,THON BURI,คอนโด,Condo,22,120495
300,2020,10,BANGKOK,กรุงเทพมหานคร,บางกะปิ,BANG KAPI,คอนโด,Condo,16,53203
534,2021,5,BANGKOK,กรุงเทพมหานคร,ดินแดง,DIN DAENG,คอนโด,Condo,12,229272
157,2019,11,BANGKOK,กรุงเทพมหานคร,บางนา,BANG NA,คอนโด,Condo,14,108927
